Job Title,Company,Location
Fire and Gas Engineer,BP Energy,N/A
Senior Full Stack Engineer,Cognizant,N/A
Cybersecurity Systems Engineer,Kranze Technology Solutions,N/A
Senior Software Engineer / Tech Lead,Teragonia,N/A
Software Engineer II - C# (Remote),McDonald's,N/A
Software Engineer,Caterpillar,N/A
"Software Engineer III, Pixel Camera",Google,N/A
Sr. Software Engineer-Guidewire,CNA Financial Corporation,N/A
Software Engineer III-Automation Engineer,JPMorgan Chase,N/A
Senior Software Engineer,Snapsheet,N/A
Senior Software Engineer,CJ,N/A
Software Engineer,Motorola Solutions,N/A
Software Engineer,Motorola Solutions,N/A
Senior Software Engineer (Hybrid),American Medical Association,N/A
UI Software Engineer,Caterpillar,N/A
Windows Infrastructure Software Engineer,Selby Jennings,N/A
Senior Full Stack Software Engineer,Jones Lang LaSalle,N/A
"Software Engineer, Next Cardio",Tempus,N/A
Senior Software Engineer,Screencastify,N/A
"Software Engineer III - SAP BW, ABAP",JPMorgan Chase,N/A
